Designed Peptide,Predicted High-Binding Count,Promiscuity Score
LTIETDLL,6655,0.8903
LSWSITVT,7257,0.9708
LTLRIITQ,7251,0.97
VSWYSETY,7409,0.9912000000000001
LWGAITLR,7379,0.9872
IGWCAIVS,7472,0.9995999999999999
LTLTISLR,6539,0.8748
SWGGLILF,7473,0.9997
RWVSLTVT,7308,0.9777
LTTQSILG,7028,0.9401999999999999
