Designed Peptide,Predicted High-Binding Count,Promiscuity Score
LTIETDLL,874,0.11689999999999999
LSWSITVT,2424,0.3243
LTLRIITQ,1285,0.17190000000000003
VSWYSETY,576,0.0771
LWGAITLR,2084,0.2788
IGWCAIVS,1724,0.2306
LTLTISLR,1690,0.2261
SWGGLILF,2772,0.37079999999999996
RWVSLTVT,2854,0.3818
LTTQSILG,243,0.0325
