Designed Peptide,Predicted High-Binding Count,Promiscuity Score
LTIETDLL,7267,0.9722
LSWSITVT,7043,0.9422
LTLRIITQ,7294,0.9758
VSWYSETY,7461,0.9981
LWGAITLR,7375,0.9865999999999999
IGWCAIVS,7378,0.987
LTLTISLR,6983,0.9342
SWGGLILF,7441,0.9954999999999999
RWVSLTVT,7433,0.9944
LTTQSILG,6398,0.8559
