Designed Peptide,Predicted High-Binding Count,Promiscuity Score
LTIETDLL,3319,0.33340000000000003
LSWSITVT,3155,0.3169
LTLRIITQ,3958,0.39759999999999995
VSWYSETY,2790,0.2803
LWGAITLR,4021,0.4039
IGWCAIVS,2821,0.2834
LTLTISLR,4537,0.4558
SWGGLILF,4442,0.4462
RWVSLTVT,3253,0.3268
LTTQSILG,4119,0.4138
